codigo_mun,total_homicidios,cod_dpto,municipio,poblacion,nombre_dpto,longitud,latitud,tasa_homicidios
5001,309,5,Medellín,2616335,ANTIOQUIA,"-75,581775","6,246631",11.81041418625673
5002,10,5,Abejorral,21468,ANTIOQUIA,"-75,428739","5,789315",46.5809577044904
5021,1,5,Alejandría,4955,ANTIOQUIA,"-75,141346","6,376061",20.181634712411707
5030,12,5,Amagá,32412,ANTIOQUIA,"-75,702188","6,038708",37.02332469455757
5031,35,5,Amalfi,27846,ANTIOQUIA,"-75,077501","6,909655",125.6913021618904
5034,20,5,Andes,46183,ANTIOQUIA,"-75,878828","5,657194",43.30597839031678
5036,4,5,Angelópolis,6109,ANTIOQUIA,"-75,711389","6,109719",65.47716483876248
5038,4,5,Angostura,12121,ANTIOQUIA,"-75,335116","6,885175",33.000577510106424
5040,32,5,Anorí,19675,ANTIOQUIA,"-75,148355","7,074703",162.64294790343075
5042,7,5,Santafé de Antioquia,28049,ANTIOQUIA,"-75,826648","6,556484",24.95632642874969
5044,5,5,Anzá,7483,ANTIOQUIA,"-75,854442","6,302641",66.81812107443538
5045,33,5,Apartadó,131422,ANTIOQUIA,"-76,625279","7,882968",25.109951149731398
5051,3,5,Arboletes,32192,ANTIOQUIA,"-76,426708","8,849317",9.319085487077535
5055,6,5,Argelia,8024,ANTIOQUIA,"-75,14107","5,731474",74.77567298105683
5079,16,5,Barbosa,56103,ANTIOQUIA,"-75,331627","6,439195",28.518974029909273
5086,4,5,Belmira,6405,ANTIOQUIA,"-75,667779","6,606319",62.4512099921936
5088,50,5,Bello,566456,ANTIOQUIA,"-75,555245","6,333587",8.826810908525994
5091,16,5,Betania,10892,ANTIOQUIA,"-75,97679","5,74615",146.89680499449136
5093,11,5,Betulia,16604,ANTIOQUIA,"-75,984452","6,115208",66.24909660322814
5101,39,5,Ciudad Bolívar,27711,ANTIOQUIA,"-76,021509","5,850273",140.7383349572372
5107,5,5,Briceño,8523,ANTIOQUIA,"-75,55036","7,112803",58.66478939340608
5113,3,5,Buriticá,10017,ANTIOQUIA,"-75,907","6,720759",29.94908655286014
5120,37,5,Cáceres,31160,ANTIOQUIA,"-75,35205","7,578366",118.74197689345314
5125,2,5,Caicedo,8870,ANTIOQUIA,"-75,98293","6,405607",22.547914317925592
5129,16,5,Caldas,86081,ANTIOQUIA,"-75,633673","6,091077",18.58714466607033
5134,8,5,Campamento,9755,ANTIOQUIA,"-75,298091","6,979771",82.00922603792927
5138,10,5,Cañasgordas,16371,ANTIOQUIA,"-76,028228","6,753859",61.083623480544865
5142,2,5,Caracolí,4824,ANTIOQUIA,"-74,757421","6,409829",41.459369817578775
5145,1,5,Caramanta,4951,ANTIOQUIA,"-75,643868","5,54853",20.197939810139363
5147,9,5,Carepa,52184,ANTIOQUIA,"-76,652652","7,755148",17.246665644642036
5148,19,5,El Carmen de Viboral,64265,ANTIOQUIA,"-75,333901","6,082885",29.565082082004203
5150,1,5,Carolina,4219,ANTIOQUIA,"-75,283192","6,725995",23.70229912301493
5154,75,5,Caucasia,97803,ANTIOQUIA,"-75,197996","7,977278",76.68476427103462
5172,16,5,Chigorodó,62235,ANTIOQUIA,"-76,681531","7,666147",25.70900618622961
5190,4,5,Cisneros,10422,ANTIOQUIA,"-75,087047","6,537829",38.380349261178274
5197,7,5,Cocorná,16551,ANTIOQUIA,"-75,185483","6,058295",42.293517008035764
5206,1,5,Concepción,5049,ANTIOQUIA,"-75,257587","6,394348",19.805902158843335
5209,20,5,Concordia,22737,ANTIOQUIA,"-75,908448","6,045738",87.96235211329551
5212,20,5,Copacabana,84209,ANTIOQUIA,"-75,509384","6,348557",23.75043047655239
5234,9,5,Dabeiba,24586,ANTIOQUIA,"-76,261614","6,998112",36.60619864963801
5237,4,5,Donmatías,20360,ANTIOQUIA,"-75,39263","6,485603",19.646365422396855
5240,1,5,Ebéjico,12820,ANTIOQUIA,"-75,766413","6,325615",7.800312012480499
5250,29,5,El Bagre,56306,ANTIOQUIA,"-74,799097","7,5975",51.504280183284195
5264,2,5,Entrerríos,12062,ANTIOQUIA,"-75,517685","6,566273",16.5809981760902
5266,12,5,Envigado,248304,ANTIOQUIA,"-75,582192","6,166695",4.832785617630002
5282,3,5,Fredonia,25981,ANTIOQUIA,"-75,675072","5,928039",11.546899657441978
5284,7,5,Frontino,21905,ANTIOQUIA,"-76,130765","6,776066",31.956174389408808
5306,1,5,Giraldo,5963,ANTIOQUIA,"-75,952158","6,680808",16.770082173402653
5308,13,5,Girardota,55902,ANTIOQUIA,"-75,444238","6,379472",23.25498193266788
5310,4,5,Gómez Plata,10397,ANTIOQUIA,"-75,220018","6,683269",38.47263633740502
5313,4,5,Granada,10785,ANTIOQUIA,"-75,184446","6,142892",37.088548910523876
5315,2,5,Guadalupe,6966,ANTIOQUIA,"-75,239862","6,815069",28.71088142405972
5318,18,5,Guarne,59710,ANTIOQUIA,"-75,441612","6,27787",30.145704237146205
5321,2,5,Guatapé,9020,ANTIOQUIA,"-75,160041","6,232461",22.172949002217294
5347,2,5,Heliconia,5716,ANTIOQUIA,"-75,734322","6,206757",34.98950314905528
5353,10,5,Hispania,5846,ANTIOQUIA,"-75,906587","5,799461",171.05713308244952
5360,15,5,Itagüí,299348,ANTIOQUIA,"-75,612056","6,175079",5.010890334994722
5361,14,5,Ituango,28890,ANTIOQUIA,"-75,764673","7,171629",48.45967462789893
5364,2,5,Jardín,15513,ANTIOQUIA,"-75,818982","5,597542",12.89241281505834
5368,2,5,Jericó,14454,ANTIOQUIA,"-75,785499","5,789748",13.83700013837
5376,7,5,La Ceja,70387,ANTIOQUIA,"-75,429433","6,028062",9.945018256212085
5380,10,5,La Estrella,77611,ANTIOQUIA,"-75,637708","6,145238",12.88477148857765
5400,6,5,La Unión,23072,ANTIOQUIA,"-75,360874","5,973845",26.005547850208043
5411,5,5,Liborina,10649,ANTIOQUIA,"-75,812838","6,677316",46.952765517889006
5425,5,5,Maceo,8707,ANTIOQUIA,"-74,78716","6,552116",57.42506029631331
5440,16,5,Marinilla,69898,ANTIOQUIA,"-75,339345","6,173995",22.89049758219119
5467,1,5,Montebello,7035,ANTIOQUIA,"-75,523455","5,946313",14.214641080312722
5475,1,5,Murindó,5300,ANTIOQUIA,"-76,817485","6,97771",18.867924528301884
5480,3,5,Mutatá,15035,ANTIOQUIA,"-76,435875","7,242875",19.953441968739607
5483,4,5,Nariño,10812,ANTIOQUIA,"-75,176262","5,610777",36.99593044765076
5490,7,5,Necoclí,45530,ANTIOQUIA,"-76,787271","8,434526",15.374478365912585
5495,4,5,Nechí,27901,ANTIOQUIA,"-74,77647","8,094129",14.336403713128561
5541,10,5,Peñol,22592,ANTIOQUIA,"-75,242693","6,219349",44.26345609065156
5543,2,5,Peque,8644,ANTIOQUIA,"-75,910357","7,021029",23.137436372049976
5576,14,5,Pueblorrico,9198,ANTIOQUIA,"-75,839903","5,79158",152.20700152207002
5579,19,5,Puerto Berrío,42203,ANTIOQUIA,"-74,410016","6,487028",45.020496173257825
5585,2,5,Puerto Nare,15232,ANTIOQUIA,"-74,583012","6,186025",13.130252100840336
5591,3,5,Puerto Triunfo,19554,ANTIOQUIA,"-74,64119","5,871318",15.342129487572876
5604,50,5,Remedios,30501,ANTIOQUIA,"-74,698135","7,029424",163.929051506508
5607,5,5,Retiro,25431,ANTIOQUIA,"-75,501301","6,062454",19.66104360819472
5615,35,5,Rionegro,146880,ANTIOQUIA,"-75,377316","6,147148",23.82897603485839
5628,3,5,Sabanalarga,9668,ANTIOQUIA,"-75,816645","6,850028",31.03020273065784
5631,2,5,Sabaneta,89647,ANTIOQUIA,"-75,615479","6,149903",2.230972592501701
5642,29,5,Salgar,19314,ANTIOQUIA,"-75,976807","5,964198",150.15015015015015
5647,13,5,San Andrés de Cuerquía,7649,ANTIOQUIA,"-75,674564","6,916676",169.95685710550399
5649,7,5,San Carlos,16984,ANTIOQUIA,"-74,988097","6,187746",41.21526142251531
5656,7,5,San Jerónimo,16499,ANTIOQUIA,"-75,726975","6,44809",42.42681374628765
5658,3,5,San José de La Montaña,3920,ANTIOQUIA,"-75,683352","6,85009",76.53061224489795
5659,1,5,San Juan de Urabá,21707,ANTIOQUIA,"-76,52857","8,758964",4.6068088635002535
5660,1,5,San Luis,13791,ANTIOQUIA,"-74,993619","6,043017",7.2511057936335295
5664,9,5,San Pedro de Los Milagros,23573,ANTIOQUIA,"-75,556743","6,46012",38.17927289695839
5665,3,5,San Pedro de Urabá,33180,ANTIOQUIA,"-76,380567","8,276884",9.041591320072333
5667,6,5,San Rafael,16617,ANTIOQUIA,"-75,02849","6,293759",36.107600649936806
5670,5,5,San Roque,22966,ANTIOQUIA,"-75,019109","6,485939",21.771314116520074
5674,5,5,San Vicente,23546,ANTIOQUIA,"-75,332616","6,282164",21.23502930434044
5679,9,5,Santa Bárbara,27862,ANTIOQUIA,"-75,567351","5,875527",32.30206015361424
5686,12,5,Santa Rosa de Osos,39054,ANTIOQUIA,"-75,460723","6,643366",30.726686126901217
5690,4,5,Santo Domingo,13075,ANTIOQUIA,"-75,164903","6,473032",30.592734225621413
5697,10,5,El Santuario,38116,ANTIOQUIA,"-75,265465","6,136871",26.235701542659253
5736,45,5,Segovia,40922,ANTIOQUIA,"-74,701596","7,079648",109.96529983871757
5756,30,5,Sonsón,38520,ANTIOQUIA,"-75,309596","5,714851",77.88161993769471
5761,9,5,Sopetrán,16089,ANTIOQUIA,"-75,747378","6,500745",55.93884020137983
5790,29,5,Tarazá,29082,ANTIOQUIA,"-75,401407","7,580127",99.71803864933636
5792,5,5,Tarso,6555,ANTIOQUIA,"-75,822956","5,864542",76.27765064836004
5809,13,5,Titiribí,11364,ANTIOQUIA,"-75,791887","6,062391",114.39633931714187
5819,12,5,Toledo,5266,ANTIOQUIA,"-75,692281","7,010328",227.87694644891758
5837,25,5,Turbo,134517,ANTIOQUIA,"-76,728858","8,089929",18.585011559877188
5842,1,5,Uramita,7277,ANTIOQUIA,"-76,173284","6,898393",13.74192661811186
5847,26,5,Urrao,32139,ANTIOQUIA,"-76,133951","6,317343",80.89859672049535
5854,24,5,Valdivia,14722,ANTIOQUIA,"-75,439274","7,1652",163.02132862382828
5858,9,5,Vegachí,12556,ANTIOQUIA,"-74,798714","6,773525",71.67887862376553
5861,8,5,Venecia,12322,ANTIOQUIA,"-75,735544","5,964693",64.92452523940919
5873,2,5,Vigía del Fuerte,9752,ANTIOQUIA,"-76,896004","6,588164",20.508613617719444
5885,6,5,Yalí,8091,ANTIOQUIA,"-74,840059","6,676554",74.15647015202076
5887,35,5,Yarumal,44457,ANTIOQUIA,"-75,418828","6,963832",78.72775940796724
5890,8,5,Yolombó,24023,ANTIOQUIA,"-75,013385","6,594511",33.30141947300503
5893,18,5,Yondó,20727,ANTIOQUIA,"-73,912445","7,00396",86.84324793747287
5895,12,5,Zaragoza,26207,ANTIOQUIA,"-74,867075","7,488583",45.78929293700156
8001,493,8,Barranquilla,1334509,ATLÁNTICO,"-74,815546","10,977961",36.94242601586051
8078,10,8,Baranoa,69745,ATLÁNTICO,"-74,916077","10,79445",14.33794537242813
8137,6,8,Campo de La Cruz,25047,ATLÁNTICO,"-74,880847","10,378291",23.954964666427117
8141,2,8,Candelaria,17732,ATLÁNTICO,"-74,879717","10,461903",11.279043537108054
8296,13,8,Galapa,68594,ATLÁNTICO,"-74,870385","10,919033",18.952094935417094
8372,3,8,Juan de Acosta,23569,ATLÁNTICO,"-75,041032","10,83254",12.728584157155586
8421,5,8,Luruaco,31193,ATLÁNTICO,"-75,14199","10,610491",16.02923732888789
8433,77,8,Malambo,143950,ATLÁNTICO,"-74,776923","10,857086",53.49079541507467
8520,9,8,Palmar de Varela,32365,ATLÁNTICO,"-74,754765","10,738591",27.807817086358718
8558,3,8,Polonuevo,20207,ATLÁNTICO,"-74,852981","10,777363",14.846340377097045
8560,4,8,Ponedera,26689,ATLÁNTICO,"-74,753885","10,641779",14.987448012289708
8573,21,8,Puerto Colombia,55463,ATLÁNTICO,"-74,888627","11,015322",37.863079891098565
8606,3,8,Repelón,29016,ATLÁNTICO,"-75,125534","10,493357",10.339123242349048
8634,8,8,Sabanagrande,36300,ATLÁNTICO,"-74,759496","10,792453",22.03856749311295
8638,17,8,Sabanalarga,104302,ATLÁNTICO,"-74,921256","10,632091",16.298824567122395
8685,4,8,Santo Tomás,33353,ATLÁNTICO,"-74,757859","10,758735",11.992924174736906
8758,248,8,Soledad,681835,ATLÁNTICO,"-74,786054","10,909921",36.37243614657505
8770,1,8,Suan,13185,ATLÁNTICO,"-74,881687","10,335432",7.584376185058778
8832,2,8,Tubará,19263,ATLÁNTICO,"-74,978704","10,873586",10.382598764470748
8849,1,8,Usiacurí,13692,ATLÁNTICO,"-74,976985","10,74298",7.3035349108968735
11001,1214,11,"Bogotá, D.C.",7929539,"BOGOTÁ, D.C.","-74,106992","4,649251",15.309843359115831
13001,381,13,Cartagena de Indias,1059626,BOLÍVAR,"-75,496269","10,385126",35.95608261782931
13006,7,13,Achí,27266,BOLÍVAR,"-74,557676","8,570107",25.672999339837162
13030,1,13,Altos del Rosario,12177,BOLÍVAR,"-74,164905","8,791865",8.212203334154554
13042,2,13,Arenal,8004,BOLÍVAR,"-73,941099","8,458865",24.98750624687656
13052,20,13,Arjona,75995,BOLÍVAR,"-75,344332","10,25666",26.317520889532204
13062,1,13,Arroyohondo,8808,BOLÍVAR,"-75,019215","10,250075",11.353315168029065
13074,4,13,Barranco de Loba,16337,BOLÍVAR,"-74,104391","8,947787",24.484299442982184
13140,2,13,Calamar,24768,BOLÍVAR,"-74,916144","10,250431",8.074935400516797
13160,5,13,Cantagallo,9101,BOLÍVAR,"-73,914605","7,378678",54.9390176903637
13188,3,13,Cicuco,14761,BOLÍVAR,"-74,645981","9,274281",20.323826299031232
13222,1,13,Clemencia,16224,BOLÍVAR,"-75,328469","10,567452",6.16370808678501
13244,26,13,El Carmen de Bolívar,76550,BOLÍVAR,"-75,121178","9,718653",33.96472893533638
13268,1,13,El Peñón,8136,BOLÍVAR,"-73,949274","8,988271",12.291052114060964
13430,29,13,Magangué,146203,BOLÍVAR,"-74,766742","9,263799",19.83543429341395
13433,5,13,Mahates,30352,BOLÍVAR,"-75,191643","10,233285",16.47337901950448
13440,2,13,Margarita,11818,BOLÍVAR,"-74,285137","9,15784",16.923337282112033
13442,11,13,María La Baja,50897,BOLÍVAR,"-75,300516","9,982402",21.61227577263886
13458,3,13,Montecristo,18370,BOLÍVAR,"-74,471176","8,297234",16.33097441480675
13468,3,13,Mompós,48799,BOLÍVAR,"-74,42818","9,244241",6.147666960388532
13473,11,13,Morales,24811,BOLÍVAR,"-73,868172","8,276558",44.33517391479586
13490,11,13,Norosí,10879,BOLÍVAR,"-74,038003","8,526259",101.11223458038423
13580,3,13,Regidor,7562,BOLÍVAR,"-73,821638","8,666258",39.672044432689766
13600,3,13,Río Viejo,11534,BOLÍVAR,"-73,840466","8,58795",26.01005722212589
13647,4,13,San Estanislao,19987,BOLÍVAR,"-75,153101","10,398602",20.01300845549607
13650,1,13,San Fernando,13841,BOLÍVAR,"-74,323811","9,214183",7.224911494834188
13654,10,13,San Jacinto,25904,BOLÍVAR,"-75,12105","9,830275",38.604076590487956
13657,3,13,San Juan Nepomuceno,40335,BOLÍVAR,"-75,081761","9,953751",7.437709185570845
13667,2,13,San Martín de Loba,16079,BOLÍVAR,"-74,039134","8,937485",12.438584489085143
13670,26,13,San Pablo,29770,BOLÍVAR,"-73,924602","7,476747",87.33624454148472
13673,7,13,Santa Catalina,16039,BOLÍVAR,"-75,287855","10,605294",43.643618679468794
13683,9,13,Santa Rosa,22912,BOLÍVAR,"-75,369824","10,444396",39.28072625698324
13688,37,13,Santa Rosa del Sur,36114,BOLÍVAR,"-74,052243","7,963938",102.45334219416291
13744,18,13,Simití,20066,BOLÍVAR,"-73,947264","7,953916",89.70397687630818
13780,3,13,Talaigua Nuevo,13986,BOLÍVAR,"-74,567479","9,30403",21.45002145002145
13810,2,13,Tiquisio,19664,BOLÍVAR,"-74,262922","8,558666",10.17087062652563
13836,26,13,Turbaco,115544,BOLÍVAR,"-75,427249","10,348316",22.5022502250225
13838,2,13,Turbaná,17929,BOLÍVAR,"-75,44265","10,274585",11.155111829996097
13873,12,13,Villanueva,25971,BOLÍVAR,"-75,275613","10,444089",46.20538292711101
13894,2,13,Zambrano,12886,BOLÍVAR,"-74,817879","9,746306",15.52072016141549
15001,7,15,Tunja,187286,BOYACÁ,"-73,355539","5,53988",3.737599179863951
15047,3,15,Aquitania,16480,BOYACÁ,"-72,88399","5,518602",18.203883495145632
15051,1,15,Arcabuco,6341,BOYACÁ,"-73,437503","5,755673",15.770383220312253
15097,1,15,Boavita,5422,BOYACÁ,"-72,584905","6,330703",18.44337882700111
15109,2,15,Buenavista,4688,BOYACÁ,"-73,94217","5,512594",42.66211604095563
15176,3,15,Chiquinquirá,60737,BOYACÁ,"-73,818745","5,61379",4.93932858060161
15183,1,15,Chita,8405,BOYACÁ,"-72,471892","6,187083",11.89767995240928
15185,1,15,Chitaraque,6226,BOYACÁ,"-73,4471","6,027425",16.061676839062
15204,2,15,Cómbita,14040,BOYACÁ,"-73,323957","5,634545",14.245014245014245
15223,2,15,Cubará,11295,BOYACÁ,"-72,107939","6,997275",17.706949977866312
15238,12,15,Duitama,132894,BOYACÁ,"-73,03063","5,822964",9.029753036254458
15244,1,15,El Cocuy,4422,BOYACÁ,"-72,444537","6,407738",22.61420171867933
15299,1,15,Garagoa,19415,BOYACÁ,"-73,364413","5,083234",5.150656708730363
15425,2,15,Macanal,5355,BOYACÁ,"-73,319593","4,972464",37.348272642390285
15442,3,15,Maripí,6078,BOYACÁ,"-74,00405","5,550091",49.35834155972359
15476,1,15,Motavita,6021,BOYACÁ,"-73,367841","5,5777",16.608536787908985
15507,2,15,Otanche,8613,BOYACÁ,"-74,180965","5,657536",23.22071287588529
15516,3,15,Paipa,36429,BOYACÁ,"-73,11782","5,779894",8.23519723297373
15533,1,15,Paya,2795,BOYACÁ,"-72,423775","5,625699",35.77817531305903
15572,23,15,Puerto Boyacá,50667,BOYACÁ,"-74,587782","5,976646",45.394438194485566
15580,1,15,Quípama,5272,BOYACÁ,"-74,180033","5,52055",18.96813353566009
15600,1,15,Ráquira,8518,BOYACÁ,"-73,632543","5,539136",11.739845034045551
15638,1,15,Sáchica,5933,BOYACÁ,"-73,542539","5,584305",16.854879487611665
15646,1,15,Samacá,19850,BOYACÁ,"-73,485589","5,492161",5.037783375314862
15667,1,15,San Luis de Gaceno,5877,BOYACÁ,"-73,168076","4,81976",17.015484090522374
15673,1,15,San Mateo,3568,BOYACÁ,"-72,555264","6,401683",28.026905829596412
15681,1,15,San Pablo de Borbur,7099,BOYACÁ,"-74,069963","5,650743",14.08649105507818
15755,1,15,Socotá,7688,BOYACÁ,"-72,636653","6,041162",13.007284079084288
15757,3,15,Socha,8525,BOYACÁ,"-72,691963","5,996717",35.19061583577712
15759,14,15,Sogamoso,137759,BOYACÁ,"-72,924355","5,723976",10.162675396888769
15776,2,15,Sutamarchán,6587,BOYACÁ,"-73,620536","5,619781",30.36283588887202
15790,2,15,Tasco,6216,BOYACÁ,"-72,781011","5,909821",32.17503217503217
15814,2,15,Toca,9428,BOYACÁ,"-73,184794","5,566464",21.213406873143825
15835,1,15,Turmequé,6528,BOYACÁ,"-73,491825","5,323261",15.318627450980392
15837,1,15,Tuta,8915,BOYACÁ,"-73,230285","5,689082",11.217049915872126
15897,1,15,Zetaquira,4954,BOYACÁ,"-73,17098","5,283443",20.185708518368994
17001,27,17,Manizales,457022,CALDAS,"-75,491025","5,057657",5.907811877765185
17013,8,17,Aguadas,23525,CALDAS,"-75,45487","5,610244",34.00637619553666
17042,6,17,Anserma,37573,CALDAS,"-75,784343","5,236471",15.968913847709793
17088,1,17,Belalcázar,10950,CALDAS,"-75,811918","4,993785",9.132420091324201
17174,17,17,Chinchiná,53609,CALDAS,"-75,607529","4,985227",31.711093286575014
17380,21,17,La Dorada,75448,CALDAS,"-74,668819","5,460834",27.833739794295408
17433,2,17,Manzanares,18789,CALDAS,"-75,152829","5,255699",10.644526052477513
17442,4,17,Marmato,9284,CALDAS,"-75,600049","5,47422",43.084877208099954
17444,2,17,Marquetalia,13701,CALDAS,"-75,053097","5,297525",14.597474636887819
17446,2,17,Marulanda,2726,CALDAS,"-75,259721","5,284304",73.36757153338225
17486,6,17,Neira,21644,CALDAS,"-75,520006","5,166895",27.721308445758638
17495,2,17,Norcasia,6146,CALDAS,"-74,889543","5,574796",32.54149040026033
17524,13,17,Palestina,16062,CALDAS,"-75,624577","5,017879",80.93637156020421
17614,2,17,Riosucio,54078,CALDAS,"-75,702104","5,423673",3.6983616257997705
17616,4,17,Risaralda,11333,CALDAS,"-75,76722","5,164509",35.2951557398747
17653,2,17,Salamina,20066,CALDAS,"-75,487223","5,403025",9.967108541812019
17662,3,17,Samaná,21415,CALDAS,"-74,992263","5,41308",14.008872285780996
17665,3,17,San José,4953,CALDAS,"-75,792063","5,08231",60.56935190793458
17777,10,17,Supía,29990,CALDAS,"-75,64966","5,446843",33.344448149383126
17867,1,17,Victoria,10525,CALDAS,"-74,911239","5,317437",9.501187648456057
17873,6,17,Villamaría,69021,CALDAS,"-75,502487","5,038925",8.693006476289824
17877,2,17,Viterbo,13235,CALDAS,"-75,87061","5,062664",15.11144692104269
18001,23,18,Florencia,179233,CAQUETÁ,"-75,609831","1,618196",12.83245830845882
18029,1,18,Albania,4794,CAQUETÁ,"-75,878375","1,328526",20.859407592824365
18094,6,18,Belén de Los Andaquíes,11557,CAQUETÁ,"-75,872405","1,415812",51.916587349658215
18150,9,18,Cartagena del Chairá,32841,CAQUETÁ,"-74,847867","1,332371",27.40476842970677
18205,1,18,Curillo,8109,CAQUETÁ,"-75,919205","1,033473",12.331976815883587
18247,6,18,El Doncello,20336,CAQUETÁ,"-75,283631","1,679951",29.50432730133753
18256,6,18,El Paujíl,19290,CAQUETÁ,"-75,326093","1,570226",31.104199066874024
18410,9,18,La Montañita,15621,CAQUETÁ,"-75,436408","1,479173",57.61474937584022
18460,1,18,Milán,10339,CAQUETÁ,"-75,506926","1,29021",9.672115291614276
18592,8,18,Puerto Rico,27890,CAQUETÁ,"-75,157604","1,909063",28.684116170670492
18610,18,18,San José del Fragua,13801,CAQUETÁ,"-75,973796","1,330266",130.42533149771756
18753,20,18,San Vicente del Caguán,54575,CAQUETÁ,"-74,767894","2,119413",36.646816307833255
18756,1,18,Solano,12111,CAQUETÁ,"-75,253702","0,699077",8.25695648583932
18785,2,18,Solita,6389,CAQUETÁ,"-75,619902","0,87654",31.303803412114572
18860,2,18,Valparaíso,7346,CAQUETÁ,"-75,70671","1,194619",27.225701061802344
19001,60,19,Popayán,343011,CAUCA,"-76,599377","2,459641",17.492150397509118
19022,3,19,Almaguer,19648,CAUCA,"-76,85607","1,913429",15.26872964169381
19050,55,19,Argelia,28128,CAUCA,"-77,24905","2,257427",195.53469852104664
19075,15,19,Balboa,22648,CAUCA,"-77,215773","2,040998",66.23101377605087
19100,14,19,Bolívar,39731,CAUCA,"-76,966215","1,837538",35.236968613928674
19110,32,19,Buenos Aires,35689,CAUCA,"-76,642238","3,015382",89.66348174507552
19130,24,19,Cajibío,45019,CAUCA,"-76,570682","2,623371",53.31082431862102
19137,17,19,Caldono,43224,CAUCA,"-76,484319","2,798059",39.33000185082361
19142,20,19,Caloto,31552,CAUCA,"-76,408941","3,034531",63.38742393509128
19212,42,19,Corinto,27111,CAUCA,"-76,261866","3,173854",154.91866769945779
19256,23,19,El Tambo,57741,CAUCA,"-76,810911","2,451409",39.83304757451378
19290,4,19,Florencia,5509,CAUCA,"-77,072547","1,682535",72.60845888546015
19300,40,19,Guachené,20594,CAUCA,"-76,392189","3,134153",194.2313295134505
19318,4,19,Guapi,29540,CAUCA,"-77,88797","2,571337",13.540961408259987
19355,5,19,Inzá,31097,CAUCA,"-76,063503","2,549183",16.078721420072675
19364,4,19,Jambaló,19297,CAUCA,"-76,323877","2,777834",20.72861066487019
19392,5,19,La Sierra,11406,CAUCA,"-76,763278","2,179383",43.836577240049095
19397,9,19,La Vega,26295,CAUCA,"-76,778771","2,001803",34.227039361095265
19418,5,19,López de Micay,19958,CAUCA,"-77,247803","2,846788",25.052610482012224
19450,17,19,Mercaderes,25097,CAUCA,"-77,164319","1,789193",67.73717974259871
19455,22,19,Miranda,33748,CAUCA,"-76,228722","3,254651",65.1890482398957
19473,22,19,Morales,42017,CAUCA,"-76,629106","2,754684",52.35975914510793
19513,5,19,Padilla,10607,CAUCA,"-76,313265","3,220984",47.13868200245121
19517,15,19,Páez,49628,CAUCA,"-75,970685","2,645724",30.22487305553317
19532,44,19,Patía,39406,CAUCA,"-76,981075","2,115875",111.65812312845759
19533,9,19,Piamonte,9807,CAUCA,"-76,327588","1,11754",91.77118384827163
19548,16,19,Piendamó - Tunía,43961,CAUCA,"-76,528615","2,64228",36.39589636268511
19573,44,19,Puerto Tejada,44610,CAUCA,"-76,417673","3,233254",98.6325935888814
19622,3,19,Rosas,12271,CAUCA,"-76,740336","2,260941",24.44788525792519
19698,127,19,Santander de Quilichao,118031,CAUCA,"-76,485141","3,015008",107.59885114927435
19743,17,19,Silvia,40404,CAUCA,"-76,379753","2,611927",42.07504207504207
19760,2,19,Sotará Paispamba,15010,CAUCA,"-76,613365","2,253156",13.324450366422385
19780,34,19,Suárez,34094,CAUCA,"-76,69357","2,959785",99.72429166422245
19785,3,19,Sucre,10044,CAUCA,"-76,926279","2,038237",29.86857825567503
19807,9,19,Timbío,38091,CAUCA,"-76,684476","2,349686",23.62762857367882
19809,3,19,Timbiquí,28111,CAUCA,"-77,667541","2,777312",10.671978940628223
19821,25,19,Toribío,37582,CAUCA,"-76,270284","2,953017",66.5212069607791
19824,4,19,Totoró,26580,CAUCA,"-76,403628","2,510252",15.048908954100828
19845,25,19,Villa Rica,22156,CAUCA,"-76,458025","3,17762",112.83625203105252
20001,123,20,Valledupar,567593,CESAR,"-73,259398","10,460472",21.670457528545985
20011,42,20,Aguachica,128425,CESAR,"-73,614027","8,306811",32.7039127895659
20013,22,20,Agustín Codazzi,70929,CESAR,"-73,238389","10,040454",31.016932425383132
20032,9,20,Astrea,23300,CESAR,"-73,975842","9,498062",38.62660944206009
20045,7,20,Becerril,25208,CESAR,"-73,278707","9,704404",27.76896223421136
20060,17,20,Bosconia,46856,CESAR,"-73,888761","9,975098",36.281372716407716
20175,10,20,Chimichagua,39670,CESAR,"-73,813278","9,25875",25.207965717166626
20178,16,20,Chiriguaná,32291,CESAR,"-73,599913","9,361058",49.54941005233656
20228,10,20,Curumaní,43557,CESAR,"-73,540843","9,201716",22.958422297219737
20238,19,20,El Copey,34993,CESAR,"-73,962703","10,149883",54.29657360043437
20250,11,20,El Paso,43619,CESAR,"-73,742012","9,668461",25.2183681423233
20295,1,20,Gamarra,17452,CESAR,"-73,737558","8,324793",5.730002292000917
20383,6,20,La Gloria,19962,CESAR,"-73,80321","8,619298",30.057108506161704
20400,8,20,La Jagua de Ibirico,54368,CESAR,"-73,334143","9,563752",14.714537963507945
20443,2,20,Manaure Balcón del Cesar,11765,CESAR,"-73,029472","10,390776",16.999575010624735
20517,8,20,Pailitas,21642,CESAR,"-73,625825","8,959399",36.96516033638296
20550,7,20,Pelaya,24170,CESAR,"-73,666735","8,689451",28.961522548613985
20570,4,20,Pueblo Bello,31317,CESAR,"-73,586211","10,417321",12.77261551234154
20614,11,20,Río de Oro,19557,CESAR,"-73,386393","8,292292",56.245845477322696
20621,12,20,La Paz,32358,CESAR,"-73,171365","10,387552",37.08511032820323
20710,9,20,San Alberto,30644,CESAR,"-73,393889","7,76111",29.369534003393813
20750,5,20,San Diego,22067,CESAR,"-73,181208","10,333039",22.658268001993928
20770,9,20,San Martín,31062,CESAR,"-73,510914","7,999855",28.97430944562488
20787,2,20,Tamalameque,17792,CESAR,"-73,812172","8,861725",11.241007194244604
23001,72,23,Montería,527456,CÓRDOBA,"-75,873096","8,759789",13.650427713401687
23068,1,23,Ayapel,49191,CÓRDOBA,"-75,146048","8,313838",2.0328921957268604
23079,3,23,Buenavista,22777,CÓRDOBA,"-75,480897","8,221187",13.17118145497651
23090,2,23,Canalete,16563,CÓRDOBA,"-76,241476","8,786939",12.075107166576103
23162,15,23,Cereté,114106,CÓRDOBA,"-75,796093","8,888532",13.145671568541532
23168,6,23,Chimá,19019,CÓRDOBA,"-75,626886","9,149698",31.5473999684526
23182,6,23,Chinú,51639,CÓRDOBA,"-75,399633","9,105473",11.619125079881485
23189,11,23,Ciénaga de Oro,63710,CÓRDOBA,"-75,620807","8,875794",17.26573536336525
23300,8,23,Cotorra,20538,CÓRDOBA,"-75,799216","9,037163",38.95218619145
23350,7,23,La Apartada,15806,CÓRDOBA,"-75,336031","8,050125",44.286979627989375
23417,14,23,Lorica,118451,CÓRDOBA,"-75,816084","9,240789",11.819233269453191
23419,1,23,Los Córdobas,20339,CÓRDOBA,"-76,35518","8,892098",4.916662569447858
23464,2,23,Momil,21094,CÓRDOBA,"-75,67796","9,240707",9.481369109699441
23466,25,23,Montelíbano,86647,CÓRDOBA,"-75,416818","7,973777",28.852701189885398
23500,2,23,Moñitos,32414,CÓRDOBA,"-76,1291","9,245223",6.17017338187203
23555,8,23,Planeta Rica,68822,CÓRDOBA,"-75,583241","8,4082",11.624189939263609
23570,7,23,Pueblo Nuevo,38645,CÓRDOBA,"-75,508035","8,504099",18.11359813688705
23580,10,23,Puerto Libertador,45416,CÓRDOBA,"-75,671761","7,888859",22.01867183371499
23586,2,23,Purísima de La Concepción,18581,CÓRDOBA,"-75,724987","9,239295",10.76368333243636
23660,12,23,Sahagún,116069,CÓRDOBA,"-75,445834","8,943048",10.338677855413591
23670,1,23,San Andrés Sotavento,50790,CÓRDOBA,"-75,50879","9,145448",1.9688915140775742
23672,9,23,San Antero,36581,CÓRDOBA,"-75,76112","9,376434",24.60293595035674
23675,2,23,San Bernardo del Viento,40064,CÓRDOBA,"-75,955107","9,35247",4.992012779552716
23678,12,23,San Carlos,29214,CÓRDOBA,"-75,698799","8,799282",41.07619634421852
23682,2,23,San José de Uré,14693,CÓRDOBA,"-75,533476","7,787303",13.611924045463827
23686,2,23,San Pelayo,55067,CÓRDOBA,"-75,835615","8,958436",3.6319392739753393
23807,9,23,Tierralta,99803,CÓRDOBA,"-76,059797","8,170612",9.017764997044177
23855,2,23,Valencia,38545,CÓRDOBA,"-76,150756","8,255016",5.1887404332598255
25001,1,25,Agua de Dios,14082,CUNDINAMARCA,"-74,669221","4,375309",7.10126402499645
25040,1,25,Anolaima,16554,CUNDINAMARCA,"-74,46384","4,7617",6.040836051709557
25126,1,25,Cajicá,101582,CUNDINAMARCA,"-74,02298","4,920009",0.9844263747514324
25148,2,25,Caparrapí,14809,CUNDINAMARCA,"-74,491045","5,34758",13.505300830576003
25175,6,25,Chía,163306,CUNDINAMARCA,"-74,05","4,866508",3.6740842345045497
25214,3,25,Cota,40316,CUNDINAMARCA,"-74,102569","4,812564",7.44121440619109
25245,3,25,El Colegio,29077,CUNDINAMARCA,"-74,442261","4,577951",10.31743302266396
25260,3,25,El Rosal,26052,CUNDINAMARCA,"-74,263103","4,850589",11.515430677107323
25269,24,25,Facatativá,171926,CUNDINAMARCA,"-74,350085","4,813353",13.95949420099345
25281,2,25,Fosca,6858,CUNDINAMARCA,"-73,93902","4,339093",29.163021289005545
25286,10,25,Funza,115217,CUNDINAMARCA,"-74,201528","4,710412",8.679274759801071
25290,16,25,Fusagasugá,170450,CUNDINAMARCA,"-74,37543","4,336723",9.386916984452919
25295,1,25,Gachancipá,20749,CUNDINAMARCA,"-73,873464","4,990947",4.819509373945733
25307,41,25,Girardot,123329,CUNDINAMARCA,"-74,798201","4,313069",33.244411290126415
25317,1,25,Guachetá,16018,CUNDINAMARCA,"-73,686972","5,383378",6.242976651267325
25320,6,25,Guaduas,37059,CUNDINAMARCA,"-74,603402","5,072076",16.19039909333765
25328,1,25,Guayabal de Síquima,5337,CUNDINAMARCA,"-74,467437","4,877968",18.737118231216037
25386,2,25,La Mesa,40004,CUNDINAMARCA,"-74,461588","4,631028",4.999500049995
25394,1,25,La Palma,11166,CUNDINAMARCA,"-74,391022","5,358816",8.955758552749417
25430,9,25,Madrid,139005,CUNDINAMARCA,"-74,265854","4,732791",6.474587245063128
25438,1,25,Medina,9404,CUNDINAMARCA,"-73,348449","4,506298",10.633772862611655
25473,20,25,Mosquera,155479,CUNDINAMARCA,"-74,221154","4,70653",12.86347352375562
25486,2,25,Nemocón,16093,CUNDINAMARCA,"-73,877888","5,068705",12.427763623935872
25489,1,25,Nimaima,4262,CUNDINAMARCA,"-74,38604","5,125992",23.46316283435007
25491,1,25,Nocaima,7299,CUNDINAMARCA,"-74,379093","5,069466",13.700506918755995
25506,1,25,Venecia,5033,CUNDINAMARCA,"-74,478301","4,089056",19.86886548778065
25530,2,25,Paratebueno,10165,CUNDINAMARCA,"-73,212825","4,374832",19.675356615838663
25572,3,25,Puerto Salgar,18781,CUNDINAMARCA,"-74,653695","5,465413",15.973590330653318
25592,1,25,Quebradanegra,5583,CUNDINAMARCA,"-74,48014","5,118076",17.911517105498834
25599,2,25,Apulo,9885,CUNDINAMARCA,"-74,593926","4,520304",20.23267577137076
25612,2,25,Ricaurte,15820,CUNDINAMARCA,"-74,772861","4,282113",12.642225031605562
25653,1,25,San Cayetano,5737,CUNDINAMARCA,"-74,024754","5,332938",17.43071291615827
25658,1,25,San Francisco,13083,CUNDINAMARCA,"-74,289672","4,972917",7.643506840938622
25662,3,25,San Juan de Rioseco,9699,CUNDINAMARCA,"-74,621919","4,847575",30.93102381688834
25718,1,25,Sasaima,12914,CUNDINAMARCA,"-74,432628","4,962167",7.7435341489855976
25740,10,25,Sibaté,41054,CUNDINAMARCA,"-74,257874","4,492625",24.358162420227018
25743,4,25,Silvania,26173,CUNDINAMARCA,"-74,405534","4,381981",15.28292515187407
25754,181,25,Soacha,806253,CUNDINAMARCA,"-74,215463","4,579268",22.449528869970095
25758,1,25,Sopó,31775,CUNDINAMARCA,"-73,943328","4,915395",3.147128245476003
25769,1,25,Subachoque,18064,CUNDINAMARCA,"-74,172773","4,929118",5.535872453498672
25772,1,25,Suesca,20760,CUNDINAMARCA,"-73,798227","5,103495",4.8169556840077075
25781,1,25,Sutatausa,7163,CUNDINAMARCA,"-73,853159","5,247482",13.96063102052213
25785,2,25,Tabio,26505,CUNDINAMARCA,"-74,096461","4,916832",7.545746085644218
25793,2,25,Tausa,9711,CUNDINAMARCA,"-73,887813","5,196333",20.595201318092883
25815,2,25,Tocaima,18885,CUNDINAMARCA,"-74,636296","4,459279",10.590415673815198
25817,3,25,Tocancipá,48318,CUNDINAMARCA,"-73,91207","4,964641",6.208866261020738
25839,1,25,Ubalá,9004,CUNDINAMARCA,"-73,531489","4,74762",11.106175033318525
25843,1,25,Villa de San Diego de Ubaté,52218,CUNDINAMARCA,"-73,814367","5,307463",1.9150484507258032
25845,1,25,Une,8330,CUNDINAMARCA,"-74,025183","4,40245",12.004801920768308
25862,1,25,Vergara,8050,CUNDINAMARCA,"-74,346163","5,117258",12.422360248447205
25875,4,25,Villeta,32655,CUNDINAMARCA,"-74,469686","5,012754",12.249272699433472
25878,2,25,Viotá,15739,CUNDINAMARCA,"-74,523131","4,43935",12.707287629455493
25899,16,25,Zipaquirá,160629,CUNDINAMARCA,"-73,994444","5,025477",9.96084144208082
27001,143,27,Quibdó,144610,CHOCÓ,"-76,638144","5,682166",98.88666067353572
27006,5,27,Acandí,15868,CHOCÓ,"-77,279951","8,512178",31.50995714645828
27050,3,27,Atrato,6841,CHOCÓ,"-76,635674","5,531419",43.8532378307265
27073,1,27,Bagadó,11843,CHOCÓ,"-76,416063","5,409681",8.443806467955755
27075,3,27,Bahía Solano,11477,CHOCÓ,"-77,401359","6,222807",26.139234991722578
27077,3,27,Bajo Baudó,33930,CHOCÓ,"-77,365717","4,954576",8.841732979664014
27150,1,27,Carmen del Darién,22154,CHOCÓ,"-76,970798","7,158294",4.513857542655954
27160,1,27,Cértegui,6203,CHOCÓ,"-76,607619","5,371373",16.12123166209898
27205,2,27,Condoto,13928,CHOCÓ,"-76,650683","5,091003",14.359563469270535
27245,1,27,El Carmen de Atrato,9273,CHOCÓ,"-76,142112","5,899789",10.783996549121104
27250,1,27,El Litoral del San Juan,25403,CHOCÓ,"-77,363702","4,259564",3.93654292800063
27361,18,27,Istmina,33814,CHOCÓ,"-76,68518","5,153946",53.23238895132194
27372,5,27,Juradó,7535,CHOCÓ,"-77,762751","7,103619",66.35700066357
27413,7,27,Lloró,10611,CHOCÓ,"-76,545147","5,49789",65.96927716520592
27425,1,27,Medio Atrato,12894,CHOCÓ,"-76,783042","5,994935",7.755545214828603
27491,7,27,Nóvita,10384,CHOCÓ,"-76,609467","4,956063",67.41140215716487
27495,1,27,Nuquí,18229,CHOCÓ,"-77,265507","5,709812",5.485764441274892
27580,7,27,Río Iró,5885,CHOCÓ,"-76,472925","5,1863",118.94647408666101
27600,2,27,Río Quito,9158,CHOCÓ,"-76,740684","5,483667",21.83882943874208
27615,5,27,Riosucio,63383,CHOCÓ,"-77,113156","7,436704",7.8885505577205235
27660,7,27,San José del Palmar,5697,CHOCÓ,"-76,234227","4,896954",122.87168685272951
27745,2,27,Sipí,3612,CHOCÓ,"-76,643453","4,65262",55.370985603543744
27787,12,27,Tadó,20154,CHOCÓ,"-76,558571","5,264873",59.54153021732659
27800,7,27,Unguía,14551,CHOCÓ,"-77,092538","8,04406",48.1066593361281
27810,5,27,Unión Panamericana,7492,CHOCÓ,"-76,630143","5,281108",66.73785371062466
41001,83,41,Neiva,384242,HUILA,"-75,277327","2,935432",21.600970221891412
41006,19,41,Acevedo,27138,HUILA,"-75,888706","1,805173",70.01252855774192
41013,2,41,Agrado,9491,HUILA,"-75,772022","2,25987",21.072595090085343
41016,1,41,Aipe,17547,HUILA,"-75,239017","3,223996",5.698979882601015
41020,22,41,Algeciras,24328,HUILA,"-75,315389","2,521674",90.43077934889838
41026,1,41,Altamira,4602,HUILA,"-75,788471","2,063841",21.7296827466319
41078,1,41,Baraya,8969,HUILA,"-75,054843","3,152204",11.14951499609767
41132,16,41,Campoalegre,33508,HUILA,"-75,325748","2,686767",47.749791094663955
41298,18,41,Garzón,78726,HUILA,"-75,627057","2,196493",22.864110967151895
41306,4,41,Gigante,26616,HUILA,"-75,547681","2,384031",15.028554253080852
41319,8,41,Guadalupe,19508,HUILA,"-75,757185","2,02426",41.00881689563256
41349,10,41,Hobo,7841,HUILA,"-75,447697","2,580812",127.53475322025251
41357,5,41,Íquira,10053,HUILA,"-75,634497","2,649359",49.73639709539441
41359,23,41,Isnos,27543,HUILA,"-76,217637","1,929467",83.50579094506772
41378,1,41,La Argentina,14061,HUILA,"-75,979763","2,198496",7.1118697105469035
41396,21,41,La Plata,66461,HUILA,"-75,891254","2,389263",31.597478220309657
41483,7,41,Nátaga,7028,HUILA,"-75,808756","2,5451",99.60159362549801
41503,6,41,Oporapa,12701,HUILA,"-75,995165","2,025088",47.24037477363987
41524,9,41,Palermo,28571,HUILA,"-75,435296","2,889649",31.500472507087608
41530,6,41,Palestina,12226,HUILA,"-76,133251","1,723725",49.075740225748405
41551,71,41,Pitalito,135688,HUILA,"-76,049441","1,852631",52.32592417899888
41615,6,41,Rivera,26458,HUILA,"-75,258753","2,777586",22.677451054501475
41660,4,41,Saladoblanco,11405,HUILA,"-76,044747","1,9934",35.072336694432266
41668,9,41,San Agustín,35994,HUILA,"-76,27036","1,881081",25.004167361226873
41676,2,41,Santa María,11293,HUILA,"-75,586223","2,939603",17.710085893916585
41770,15,41,Suaza,23832,HUILA,"-75,79525","1,976051",62.94058408862034
41791,1,41,Tarqui,19013,HUILA,"-75,823976","2,111325",5.259559248934939
41797,3,41,Tesalia,11610,HUILA,"-75,730271","2,486364",25.839793281653744
41799,5,41,Tello,12759,HUILA,"-75,138773","3,067538",39.18802413982287
41801,4,41,Teruel,8699,HUILA,"-75,567034","2,740968",45.982296815725945
41807,5,41,Timaná,23681,HUILA,"-75,932167","1,974539",21.113973227481946
44001,113,44,Riohacha,226715,LA GUAJIRA,"-72,911795","11,528588",49.84231303619081
44035,7,44,Albania,35785,LA GUAJIRA,"-72,61232","11,151628",19.561268687997767
44078,9,44,Barrancas,43744,LA GUAJIRA,"-72,793639","10,958669",20.574250182882224
44090,25,44,Dibulla,46710,LA GUAJIRA,"-73,307598","11,27155",53.521729822307854
44098,1,44,Distracción,15636,LA GUAJIRA,"-72,887405","10,898414",6.3954975697109235
44110,1,44,El Molino,8579,LA GUAJIRA,"-72,92673","10,653505",11.656370206317751
44279,12,44,Fonseca,51188,LA GUAJIRA,"-72,846319","10,886734",23.442994451824646
44430,32,44,Maicao,203769,LA GUAJIRA,"-72,242738","11,378535",15.704057044987216
44560,4,44,Manaure,98601,LA GUAJIRA,"-72,438739","11,773767",4.056753988296265
44650,9,44,San Juan del Cesar,55912,LA GUAJIRA,"-73,000629","10,769546",16.096723422521105
44847,1,44,Uribia,195532,LA GUAJIRA,"-72,265906","11,711904",0.5114252398584375
44874,4,44,Villanueva,33751,LA GUAJIRA,"-72,977583","10,608774",11.851500696275666
47001,198,47,Santa Marta,561281,MAGDALENA,"-74,199829","11,204679",35.276447982383154
47030,10,47,Algarrobo,17777,MAGDALENA,"-74,061132","10,188059",56.25246104517073
47053,18,47,Aracataca,45393,MAGDALENA,"-74,186702","10,589791",39.65369109774635
47058,5,47,Ariguaní,34117,MAGDALENA,"-74,236515","9,847047",14.655450361989624
47161,1,47,Cerro de San Antonio,11282,MAGDALENA,"-74,868474","10,325531",8.863676653075695
47170,5,47,Chibolo,24932,MAGDALENA,"-74,622242","10,026631",20.05454837157067
47189,96,47,Ciénaga,133601,MAGDALENA,"-74,241286","11,006654",71.8557495827127
47245,18,47,El Banco,74147,MAGDALENA,"-73,97437","9,008503",24.276100179373408
47258,1,47,El Piñón,25694,MAGDALENA,"-74,823094","10,402781",3.891959212267455
47268,14,47,El Retén,21875,MAGDALENA,"-74,268444","10,610488",64.0
47288,42,47,Fundación,75067,MAGDALENA,"-74,191453","10,514146",55.95001798393435
47318,2,47,Guamal,30354,MAGDALENA,"-74,223689","9,144354",6.588917440864466
47460,5,47,Nueva Granada,22349,MAGDALENA,"-74,391841","9,80186",22.37236565394425
47541,1,47,Pedraza,10544,MAGDALENA,"-74,9154","10,18825",9.484066767830045
47551,16,47,Pivijay,42136,MAGDALENA,"-74,613312","10,460707",37.97228023542814
47555,6,47,Plato,70559,MAGDALENA,"-74,784549","9,796713",8.503521875310025
47570,17,47,Puebloviejo,34212,MAGDALENA,"-74,28253","10,994766",49.69016719279785
47605,1,47,Remolino,12939,MAGDALENA,"-74,716172","10,701952",7.728572532653218
47660,1,47,Sabanas de San Ángel,17662,MAGDALENA,"-74,213946","10,032536",5.661872947571056
47703,4,47,San Zenón,13465,MAGDALENA,"-74,498992","9,245061",29.706646862235427
47707,5,47,Santa Ana,27959,MAGDALENA,"-74,566845","9,324294",17.883329160556528
47745,16,47,Sitionuevo,30855,MAGDALENA,"-74,720021","10,775285",51.85545292497164
47798,1,47,Tenerife,14922,MAGDALENA,"-74,859783","9,898273",6.701514542286557
47980,76,47,Zona Bananera,77793,MAGDALENA,"-74,140091","10,763024",97.69516537477664
50001,122,50,Villavicencio,585858,META,"-73,622601","4,126369",20.82415875519324
50006,11,50,Acacías,96750,META,"-73,766034","3,990413",11.369509043927648
50110,1,50,Barranca de Upía,7181,META,"-72,961083","4,566225",13.92563709789723
50150,2,50,Castilla la Nueva,15896,META,"-73,687302","3,830005",12.581781580271766
50226,4,50,Cumaral,25201,META,"-73,487052","4,270042",15.872386016427921
50251,2,50,El Castillo,8665,META,"-73,794225","3,563907",23.08136180034622
50313,17,50,Granada,76058,META,"-73,705815","3,547147",22.351363433169425
50318,4,50,Guamal,15593,META,"-73,768815","3,879657",25.652536394536007
50325,10,50,Mapiripán,7573,META,"-72,135509","2,896617",132.0480654958405
50330,3,50,Mesetas,12370,META,"-74,044328","3,382732",24.252223120452708
50350,9,50,La Macarena,29267,META,"-73,78661","2,177143",30.751358184986504
50370,2,50,Uribe,10124,META,"-74,351508","3,239634",19.755037534571315
50450,2,50,Puerto Concordia,9171,META,"-72,760209","2,624006",21.80787264202377
50568,16,50,Puerto Gaitán,46127,META,"-72,087649","4,314905",34.68684284692262
50573,13,50,Puerto López,33556,META,"-72,957324","4,09349",38.74120872571224
50577,3,50,Puerto Lleras,11461,META,"-73,37385","3,272117",26.175726376406946
50590,7,50,Puerto Rico,13832,META,"-73,206314","2,939621",50.607287449392715
50606,3,50,Restrepo,20176,META,"-73,565408","4,259556",14.86915146708961
50680,4,50,San Carlos de Guaroa,13620,META,"-73,242253","3,71065",29.368575624082233
50683,2,50,San Juan de Arama,9993,META,"-73,875832","3,373728",20.014009806864806
50689,6,50,San Martín,29867,META,"-73,695812","3,701899",20.08906150600998
50711,6,50,Vistahermosa,19392,META,"-73,750966","3,125579",30.940594059405942
52001,32,52,Pasto,413484,NARIÑO,"-77,278795","1,212352",7.73911445182885
52022,3,52,Aldana,7769,NARIÑO,"-77,700564","0,882381",38.615008366585144
52036,2,52,Ancuya,9108,NARIÑO,"-77,514512","1,263276",21.958717610891526
52079,18,52,Barbacoas,58608,NARIÑO,"-78,13765","1,671733",30.71253071253071
52083,2,52,Belén,6636,NARIÑO,"-77,015619","1,595681",30.13863773357444
52110,6,52,Buesaco,25063,NARIÑO,"-77,156463","1,381453",23.939672026493238
52203,1,52,Colón,8904,NARIÑO,"-77,019777","1,643878",11.230907457322552
52207,2,52,Consacá,14480,NARIÑO,"-77,466136","1,207854",13.812154696132598
52215,5,52,Córdoba,16338,NARIÑO,"-77,517897","0,854564",30.603501040519035
52224,3,52,Cuaspud Carlosama,9675,NARIÑO,"-77,728947","0,862978",31.007751937984498
52227,3,52,Cumbal,38792,NARIÑO,"-77,792505","0,906367",7.733553309960817
52233,7,52,Cumbitara,6188,NARIÑO,"-77,578616","1,647163",113.12217194570137
52240,1,52,Chachagüí,15949,NARIÑO,"-77,281869","1,360545",6.269985579033168
52250,6,52,El Charco,23249,NARIÑO,"-78,110217","2,479688",25.807561615553357
52254,1,52,El Peñol,7776,NARIÑO,"-77,438522","1,453567",12.86008230452675
52256,4,52,El Rosario,12935,NARIÑO,"-77,33417","1,745309",30.923850019327404
52258,1,52,El Tablón de Gómez,15092,NARIÑO,"-77,097101","1,427277",6.626027034190299
52260,3,52,El Tambo,14900,NARIÑO,"-77,390772","1,407913",20.13422818791946
52320,1,52,Guaitarilla,11990,NARIÑO,"-77,549824","1,129574",8.340283569641368
52352,1,52,Iles,7995,NARIÑO,"-77,521227","0,96952",12.507817385866167
52354,1,52,Imués,7994,NARIÑO,"-77,496339","1,05506",12.509382036527395
52356,38,52,Ipiales,121546,NARIÑO,"-77,646367","0,827732",31.263883632534185
52378,3,52,La Cruz,19528,NARIÑO,"-76,970504","1,601318",15.36255632937321
52381,1,52,La Florida,10516,NARIÑO,"-77,402882","1,29753",9.509319132750095
52385,2,52,La Llanada,6683,NARIÑO,"-77,58091","1,472892",29.92667963489451
52390,4,52,La Tola,7709,NARIÑO,"-78,189725","2,398999",51.88740433259826
52399,11,52,La Unión,33456,NARIÑO,"-77,131316","1,600219",32.87900526064084
52405,4,52,Leiva,10207,NARIÑO,"-77,306135","1,934453",39.188792005486434
52411,4,52,Linares,10592,NARIÑO,"-77,523953","1,350814",37.764350453172206
52418,6,52,Los Andes,9809,NARIÑO,"-77,521303","1,494587",61.16831481292691
52427,2,52,Magüí,26143,NARIÑO,"-78,182924","1,765633",7.6502314195004395
52435,3,52,Mallama,9440,NARIÑO,"-77,864549","1,141037",31.77966101694915
52490,7,52,Olaya Herrera,26469,NARIÑO,"-78,325814","2,347457",26.44603120631682
52540,22,52,Policarpa,10386,NARIÑO,"-77,458686","1,627196",211.82360870402465
52560,2,52,Potosí,10777,NARIÑO,"-77,573003","0,806639",18.558040270947387
52565,1,52,Providencia,5818,NARIÑO,"-77,596794","1,237814",17.188037126160193
52573,1,52,Puerres,8924,NARIÑO,"-77,504211","0,885125",11.205737337516808
52585,5,52,Pupiales,18277,NARIÑO,"-77,636042","0,870442",27.356787218909012
52612,17,52,Ricaurte,20676,NARIÑO,"-77,995153","1,212492",82.22093248210486
52621,1,52,Roberto Payán,13328,NARIÑO,"-78,245716","1,697492",7.503001200480192
52678,12,52,Samaniego,30137,NARIÑO,"-77,594341","1,335438",39.81816371901649
52683,4,52,Sandoná,21386,NARIÑO,"-77,47313","1,283438",18.703824932198632
52687,7,52,San Lorenzo,19392,NARIÑO,"-77,21542","1,503362",36.0973597359736
52693,5,52,San Pablo,15941,NARIÑO,"-77,013984","1,669429",31.365660874474624
52694,1,52,San Pedro de Cartago,7167,NARIÑO,"-77,11941","1,551572",13.952839402818475
52696,6,52,Santa Bárbara,14144,NARIÑO,"-77,979916","2,449653",42.42081447963801
52786,19,52,Taminango,18629,NARIÑO,"-77,2808","1,570358",101.99151860003221
52788,1,52,Tangua,14162,NARIÑO,"-77,393735","1,09482",7.061149555147578
52835,58,52,San Andrés de Tumaco,267010,NARIÑO,"-78,764073","1,807399",21.722032882663573
52838,6,52,Túquerres,46757,NARIÑO,"-77,61672","1,085044",12.832303184549907
52885,2,52,Yacuanquer,11496,NARIÑO,"-77,400169","1,115937",17.397355601948504
54001,291,54,San José de Cúcuta,812176,NORTE DE SANTANDER,"-72,508178","7,905725",35.829672386280805
54003,21,54,Ábrego,35936,NORTE DE SANTANDER,"-73,221722","8,081616",58.437221727515585
54109,2,54,Bucarasica,7263,NORTE DE SANTANDER,"-72,868231","8,041299",27.536830510808205
54172,4,54,Chinácota,19845,NORTE DE SANTANDER,"-72,601162","7,603112",20.15621063240111
54174,6,54,Chitagá,13330,NORTE DE SANTANDER,"-72,665468","7,138187",45.0112528132033
54206,3,54,Convención,21175,NORTE DE SANTANDER,"-73,3372","8,470374",14.167650531286894
54239,1,54,Durania,5197,NORTE DE SANTANDER,"-72,658491","7,714804",19.241870309794113
54245,10,54,El Carmen,15080,NORTE DE SANTANDER,"-73,446687","8,510579",66.3129973474801
54250,2,54,El Tarra,23521,NORTE DE SANTANDER,"-73,09614","8,574281",8.503039836741635
54261,22,54,El Zulia,30816,NORTE DE SANTANDER,"-72,604717","7,938572",71.39148494288682
54344,1,54,Hacarí,11559,NORTE DE SANTANDER,"-73,145997","8,321506",8.651267410675663
54377,1,54,Labateca,7189,NORTE DE SANTANDER,"-72,495983","7,298414",13.910140492418973
54385,3,54,La Esperanza,13144,NORTE DE SANTANDER,"-73,328126","7,639839",22.82410225197809
54398,4,54,La Playa,8741,NORTE DE SANTANDER,"-73,239986","8,21124",45.761354536094274
54405,10,54,Los Patios,103733,NORTE DE SANTANDER,"-72,505612","7,833186",9.640133805057214
54480,2,54,Mutiscua,4843,NORTE DE SANTANDER,"-72,747169","7,300469",41.296716911005575
54498,28,54,Ocaña,135344,NORTE DE SANTANDER,"-73,35607","8,248574",20.688024589194942
54518,2,54,Pamplona,56894,NORTE DE SANTANDER,"-72,647714","7,372802",3.5153091714416282
54553,8,54,Puerto Santander,9913,NORTE DE SANTANDER,"-72,411363","8,359993",80.70210834258044
54670,1,54,San Calixto,14496,NORTE DE SANTANDER,"-73,208622","8,40214",6.898454746136865
54673,5,54,San Cayetano,8102,NORTE DE SANTANDER,"-72,625459","7,875695",61.71315724512466
54720,4,54,Sardinata,28989,NORTE DE SANTANDER,"-72,800577","8,082105",13.798337300355307
54800,4,54,Teorama,18731,NORTE DE SANTANDER,"-73,28707","8,438134",21.35497303934654
54810,29,54,Tibú,62151,NORTE DE SANTANDER,"-72,734496","8,639891",46.660552525301284
54820,2,54,Toledo,17714,NORTE DE SANTANDER,"-72,481915","7,307692",11.290504685559444
54871,2,54,Villa Caro,5727,NORTE DE SANTANDER,"-72,973601","7,914244",34.922297887200976
54874,52,54,Villa del Rosario,116221,NORTE DE SANTANDER,"-72,469758","7,847672",44.742344326756786
63001,69,63,Armenia,309474,QUINDÍO,"-75,680786","4,53598",22.295895616433047
63130,19,63,Calarcá,76398,QUINDÍO,"-75,646085","4,520982",24.869760988507554
63190,1,63,Circasia,29650,QUINDÍO,"-75,636533","4,617759",3.372681281618887
63212,1,63,Córdoba,5934,QUINDÍO,"-75,687866","4,392485",16.852039096730707
63272,4,63,Filandia,12654,QUINDÍO,"-75,658387","4,674338",31.6105579263474
63302,2,63,Génova,7773,QUINDÍO,"-75,790402","4,206641",25.730091341824263
63401,15,63,La Tebaida,35189,QUINDÍO,"-75,786887","4,453755",42.6269572877888
63470,22,63,Montenegro,38460,QUINDÍO,"-75,749827","4,565057",57.20228809152366
63548,2,63,Pijao,5452,QUINDÍO,"-75,703329","4,335036",36.68378576669112
63594,17,63,Quimbaya,32040,QUINDÍO,"-75,765074","4,624387",53.05867665418227
63690,3,63,Salento,9787,QUINDÍO,"-75,570844","4,637157",30.65290691733933
66001,149,66,Pereira,482483,RISARALDA,"-75,719711","4,804985",30.881917083088936
66045,3,66,Apía,12637,RISARALDA,"-75,942356","5,106526",23.739811664160797
66075,1,66,Balboa,6528,RISARALDA,"-75,958663","4,949096",15.318627450980392
66088,10,66,Belén de Umbría,25317,RISARALDA,"-75,868334","5,200793",39.49915076825848
66170,55,66,Dosquebradas,225939,RISARALDA,"-75,675371","4,833131",24.342853602078435
66383,2,66,La Celia,7660,RISARALDA,"-76,0032","5,002787",26.109660574412533
66400,3,66,La Virginia,28540,RISARALDA,"-75,880394","4,896624",10.51156271899089
66440,5,66,Marsella,17234,RISARALDA,"-75,73879","4,935771",29.012417314610655
66456,2,66,Mistrató,17557,RISARALDA,"-75,882886","5,297039",11.391467790624821
66572,2,66,Pueblo Rico,16789,RISARALDA,"-76,030801","5,222043",11.91256179641432
66594,2,66,Quinchía,27939,RISARALDA,"-75,730431","5,340456",7.158452342603529
66682,20,66,Santa Rosa de Cabal,79960,RISARALDA,"-75,623268","4,876271",25.01250625312656
66687,13,66,Santuario,12861,RISARALDA,"-75,964628","5,074911",101.08078687504859
68001,131,68,Bucaramanga,619703,SANTANDER,"-73,132562","7,11647",21.139158596940792
68077,6,68,Barbosa,33149,SANTANDER,"-73,615965","5,932531",18.100093517149837
68081,162,68,Barrancabermeja,216326,SANTANDER,"-73,849243","7,064857",74.886976137866
68101,2,68,Bolívar,11910,SANTANDER,"-73,771346","5,988953",16.79261125104954
68152,1,68,Carcasí,4458,SANTANDER,"-72,627099","6,629016",22.431583669807086
68162,2,68,Cerrito,7112,SANTANDER,"-72,694851","6,840405",28.121484814398205
68167,1,68,Charalá,12828,SANTANDER,"-73,146873","6,284339",7.795447458684128
68190,13,68,Cimitarra,35747,SANTANDER,"-73,953011","6,320886",36.366688113687864
68211,2,68,Contratación,3858,SANTANDER,"-73,474426","6,290561",51.84033177812338
68229,1,68,Curití,13326,SANTANDER,"-73,069383","6,605099",7.5041272699984995
68235,1,68,El Carmen de Chucurí,22596,SANTANDER,"-73,51066","6,700038",4.4255620463798895
68250,2,68,El Peñón,5400,SANTANDER,"-73,815532","6,05537",37.03703703703704
68264,1,68,Encino,2737,SANTANDER,"-73,098749","6,137429",36.53635367190354
68276,46,68,Floridablanca,339490,SANTANDER,"-73,099104","7,072329",13.549736369259774
68296,1,68,Galán,3031,SANTANDER,"-73,287769","6,638423",32.99241174529858
68307,30,68,Girón,175720,SANTANDER,"-73,166832","7,070432",17.072615524698385
68385,7,68,Landázuri,10717,SANTANDER,"-73,811359","6,218812",65.31678641410844
68397,1,68,La Paz,5236,SANTANDER,"-73,58959","6,178509",19.098548510313215
68406,4,68,Lebrija,46053,SANTANDER,"-73,219524","7,113351",8.685644800555881
68418,1,68,Los Santos,15503,SANTANDER,"-73,102739","6,755203",6.450364445591176
68498,1,68,Ocamonte,6201,SANTANDER,"-73,122563","6,339988",16.126431220770844
68500,1,68,Oiba,11136,SANTANDER,"-73,299791","6,26521",8.979885057471265
68547,26,68,Piedecuesta,192193,SANTANDER,"-73,054795","6,997245",13.5280681398386
68575,16,68,Puerto Wilches,35915,SANTANDER,"-73,899909","7,344057",44.54963107336767
68615,3,68,Rionegro,27116,SANTANDER,"-73,150177","7,265014",11.063578698923145
68655,12,68,Sabana de Torres,34946,SANTANDER,"-73,49906","7,391919",34.33869398500544
68679,2,68,San Gil,63602,SANTANDER,"-73,134776","6,551952",3.144555202666583
68689,4,68,San Vicente de Chucurí,36697,SANTANDER,"-73,411024","6,880383",10.900073575496634
68745,3,68,Simacota,10788,SANTANDER,"-73,337368","6,443469",27.808676307007786
68755,2,68,Socorro,35936,SANTANDER,"-73,261198","6,46387",5.565449688334818
68770,1,68,Suaita,10691,SANTANDER,"-73,44165","6,101329",9.353661958656815
68773,1,68,Sucre,7602,SANTANDER,"-73,790975","5,918743",13.154433043935807
68820,2,68,Tona,7656,SANTANDER,"-72,967023","7,201417",26.123301985370954
68855,1,68,Valle de San José,6425,SANTANDER,"-73,143507","6,448028",15.564202334630352
68861,3,68,Vélez,26342,SANTANDER,"-73,672447","6,009275",11.388656897729861
70001,57,70,Sincelejo,314233,SUCRE,"-75,395445","9,302322",18.13940610947927
70110,2,70,Buenavista,11361,SUCRE,"-74,972827","9,319794",17.604084147522222
70124,1,70,Caimito,17181,SUCRE,"-75,117141","8,789324",5.820382981200163
70215,15,70,Corozal,71381,SUCRE,"-75,293048","9,318749",21.01399532088371
70221,6,70,Coveñas,21420,SUCRE,"-75,680158","9,402779",28.011204481792713
70233,1,70,El Roble,10437,SUCRE,"-75,198378","9,100647",9.581297307655456
70235,1,70,Galeras,24554,SUCRE,"-75,04959","9,160379",4.072656186364747
70265,5,70,Guaranda,19170,SUCRE,"-74,537749","8,468556",26.08242044861763
70400,3,70,La Unión,14474,SUCRE,"-75,276056","8,853975",20.72682050573442
70418,1,70,Los Palmitos,24924,SUCRE,"-75,268716","9,380269",4.012197079120526
70429,8,70,Majagual,42142,SUCRE,"-74,628077","8,541163",18.983436951260025
70473,5,70,Morroa,16565,SUCRE,"-75,305949","9,331395",30.184123151222455
70508,4,70,Ovejas,24131,SUCRE,"-75,229037","9,527176",16.57618830549915
70523,1,70,Palmito,16444,SUCRE,"-75,541264","9,333157",6.0812454390659205
70670,10,70,Sampués,53227,SUCRE,"-75,380222","9,183193",18.78745749337742
70678,6,70,San Benito Abad,31306,SUCRE,"-75,031089","8,930108",19.165655145978405
70702,3,70,San Juan de Betulia,14476,SUCRE,"-75,243565","9,273066",20.72395689416966
70708,20,70,San Marcos,62361,SUCRE,"-75,133831","8,661774",32.07132663042607
70713,9,70,San Onofre,57051,SUCRE,"-75,522398","9,736955",15.775358889414735
70717,3,70,San Pedro,20308,SUCRE,"-75,063647","9,39625",14.772503446917472
70742,7,70,San Luis de Sincé,33430,SUCRE,"-75,145999","9,244308",20.939276099311996
70771,2,70,Sucre,32983,SUCRE,"-74,723175","8,811737",6.063729800200103
70820,6,70,Santiago de Tolú,34829,SUCRE,"-75,581112","9,525387",17.22702345746361
70823,4,70,Tolú Viejo,23387,SUCRE,"-75,44085","9,451819",17.10351904904434
73001,77,73,Ibagué,544132,TOLIMA,"-75,19425","4,432248",14.150978071497358
73024,1,73,Alpujarra,4739,TOLIMA,"-74,9329","3,391548",21.101498206372653
73030,5,73,Ambalema,6900,TOLIMA,"-74,764429","4,782682",72.46376811594203
73043,4,73,Anzoátegui,10589,TOLIMA,"-75,093772","4,631756",37.775049579752576
73055,2,73,Armero,13543,TOLIMA,"-74,884438","5,030744",14.767776711216126
73067,6,73,Ataco,20116,TOLIMA,"-75,382545","3,590591",29.82700338039372
73124,3,73,Cajamarca,19408,TOLIMA,"-75,431971","4,438812",15.457543281121186
73148,3,73,Carmen de Apicalá,11211,TOLIMA,"-74,717633","4,152334",26.75943270002676
73152,2,73,Casabianca,6436,TOLIMA,"-75,120966","5,078465",31.075201988812925
73168,11,73,Chaparral,54809,TOLIMA,"-75,480765","3,722918",20.069696582678027
73200,3,73,Coello,8524,TOLIMA,"-74,898464","4,287276",35.19474425152511
73217,3,73,Coyaima,23636,TOLIMA,"-75,193862","3,798036",12.692502961584026
73226,1,73,Cunday,8801,TOLIMA,"-74,692227","4,059259",11.362345188046813
73236,3,73,Dolores,8648,TOLIMA,"-74,896761","3,539072",34.69010175763182
73268,27,73,Espinal,75257,TOLIMA,"-74,885446","4,151314",35.877061270047975
73270,2,73,Falan,7955,TOLIMA,"-74,953007","5,123104",25.141420490257698
73275,20,73,Flandes,30317,TOLIMA,"-74,818763","4,276373",65.96958801992281
73283,16,73,Fresno,32165,TOLIMA,"-75,035722","5,153576",49.743510026426236
73319,11,73,Guamo,34880,TOLIMA,"-74,968135","4,030992",31.536697247706424
73347,2,73,Herveo,7703,TOLIMA,"-75,177151","5,080228",25.963910164870832
73349,4,73,Honda,26144,TOLIMA,"-74,75699","5,211816",15.29987760097919
73352,1,73,Icononzo,12634,TOLIMA,"-74,531969","4,176487",7.915149596327371
73408,5,73,Lérida,18777,TOLIMA,"-74,910716","4,862046",26.628321883154925
73411,3,73,Líbano,38066,TOLIMA,"-75,061959","4,92042",7.881048704880996
73443,14,73,Mariquita,39526,TOLIMA,"-74,889276","5,199708",35.419723726154935
73449,6,73,Melgar,38156,TOLIMA,"-74,641317","4,203655",15.724918754586435
73483,3,73,Natagaima,14923,TOLIMA,"-75,093182","3,624324",20.103196408228907
73504,3,73,Ortega,34847,TOLIMA,"-75,222601","3,934916",8.60906247309668
73520,2,73,Palocabildo,9762,TOLIMA,"-75,022167","5,120918",20.48760499897562
73555,9,73,Planadas,27453,TOLIMA,"-75,644163","3,197911",32.78330237132554
73585,1,73,Purificación,24070,TOLIMA,"-74,935555","3,857246",4.154549231408392
73616,6,73,Rioblanco,23429,TOLIMA,"-75,644069","3,529932",25.609287634982287
73622,1,73,Roncesvalles,5652,TOLIMA,"-75,605959","4,011567",17.692852087756545
73624,13,73,Rovira,22495,TOLIMA,"-75,240648","4,239019",57.7906201378084
73671,3,73,Saldaña,14936,TOLIMA,"-75,016852","3,929815",20.085698982324583
73675,11,73,San Antonio,13535,TOLIMA,"-75,480074","3,914146",81.27077946065755
73678,2,73,San Luis,13478,TOLIMA,"-75,095804","4,133721",14.838996883810655
73686,2,73,Santa Isabel,5815,TOLIMA,"-75,097934","4,713606",34.393809114359414
73854,2,73,Valle de San Juan,5545,TOLIMA,"-75,115669","4,197494",36.06853020739405
73870,1,73,Villahermosa,9801,TOLIMA,"-75,117729","5,030452",10.20304050607081
73873,3,73,Villarrica,5228,TOLIMA,"-74,600285","3,936902",57.38332058148432
76001,950,76,Cali,2283846,VALLE DEL CAUCA,"-76,52133","3,413686",41.59649993913776
76020,17,76,Alcalá,14890,VALLE DEL CAUCA,"-75,779792","4,674994",114.17058428475487
76036,14,76,Andalucía,23029,VALLE DEL CAUCA,"-76,167925","4,171713",60.79291328325155
76041,43,76,Ansermanuevo,18345,VALLE DEL CAUCA,"-75,992003","4,794984",234.3962932679204
76054,5,76,Argelia,5550,VALLE DEL CAUCA,"-76,119905","4,726945",90.09009009009009
76100,25,76,Bolívar,16472,VALLE DEL CAUCA,"-76,183583","4,337846",151.77270519669744
76109,79,76,Buenaventura,324130,VALLE DEL CAUCA,"-77,01074","3,875708",24.372936784623455
76111,85,76,Guadalajara de Buga,133690,VALLE DEL CAUCA,"-76,298979","3,900736",63.579923704091556
76113,12,76,Bugalagrande,26121,VALLE DEL CAUCA,"-76,15682","4,208358",45.94004823705065
76122,16,76,Caicedonia,29596,VALLE DEL CAUCA,"-75,830594","4,334808",54.061359643195026
76126,5,76,Calima,19420,VALLE DEL CAUCA,"-76,484132","3,933664",25.746652935118433
76130,57,76,Candelaria,94103,VALLE DEL CAUCA,"-76,346519","3,408354",60.5719265060625
76147,107,76,Cartago,143281,VALLE DEL CAUCA,"-75,924374","4,742192",74.67842910085776
76233,21,76,Dagua,49793,VALLE DEL CAUCA,"-76,68886","3,657318",42.1746028558231
76243,15,76,El Águila,9157,VALLE DEL CAUCA,"-76,042779","4,906062",163.80910778639293
76246,4,76,El Cairo,7056,VALLE DEL CAUCA,"-76,221611","4,760874",56.68934240362812
76248,33,76,El Cerrito,57960,VALLE DEL CAUCA,"-76,311972","3,684229",56.93581780538302
76250,7,76,El Dovio,9220,VALLE DEL CAUCA,"-76,237084","4,510452",75.92190889370933
76275,52,76,Florida,58522,VALLE DEL CAUCA,"-76,234199","3,324118",88.85547315539455
76306,3,76,Ginebra,25104,VALLE DEL CAUCA,"-76,268068","3,724181",11.950286806883366
76318,23,76,Guacarí,35513,VALLE DEL CAUCA,"-76,330911","3,761815",64.76501562807985
76364,119,76,Jamundí,181478,VALLE DEL CAUCA,"-76,538472","3,258751",65.57268649643483
76377,1,76,La Cumbre,17342,VALLE DEL CAUCA,"-76,56805","3,649268",5.766347595433053
76400,36,76,La Unión,34776,VALLE DEL CAUCA,"-76,099661","4,533869",103.51966873706004
76403,11,76,La Victoria,12501,VALLE DEL CAUCA,"-76,036529","4,523603",87.99296056315495
76497,14,76,Obando,12640,VALLE DEL CAUCA,"-75,974709","4,575712",110.75949367088609
76520,151,76,Palmira,359549,VALLE DEL CAUCA,"-76,298846","3,531544",41.99705742471819
76563,53,76,Pradera,49416,VALLE DEL CAUCA,"-76,241799","3,419793",107.25271167233285
76606,12,76,Restrepo,16541,VALLE DEL CAUCA,"-76,523329","3,821351",72.5470044132761
76616,8,76,Riofrío,15991,VALLE DEL CAUCA,"-76,288313","4,156908",50.02814082921644
76622,22,76,Roldanillo,37773,VALLE DEL CAUCA,"-76,152277","4,413601",58.24266010113043
76670,9,76,San Pedro,18136,VALLE DEL CAUCA,"-76,228692","3,995073",49.62505513895015
76736,23,76,Sevilla,43794,VALLE DEL CAUCA,"-75,931629","4,270714",52.51860985523131
76823,26,76,Toro,14995,VALLE DEL CAUCA,"-76,076859","4,608085",173.39113037679226
76828,23,76,Trujillo,19748,VALLE DEL CAUCA,"-76,318818","4,212037",116.46749037877252
76834,92,76,Tuluá,232775,VALLE DEL CAUCA,"-76,197731","4,085399",39.523144667597464
76845,7,76,Ulloa,5831,VALLE DEL CAUCA,"-75,737808","4,703623",120.04801920768307
76863,3,76,Versalles,7461,VALLE DEL CAUCA,"-76,199203","4,575019",40.20908725371934
76869,6,76,Vijes,13291,VALLE DEL CAUCA,"-76,441804","3,698686",45.14333007298172
76890,13,76,Yotoco,16468,VALLE DEL CAUCA,"-76,382698","3,861241",78.94097643915472
76892,44,76,Yumbo,108869,VALLE DEL CAUCA,"-76,499893","3,540097",40.4155452883741
76895,37,76,Zarzal,43194,VALLE DEL CAUCA,"-76,070795","4,392658",85.66004537667268
81001,30,81,Arauca,100690,ARAUCA,"-70,747408","7,072726",29.79441851226537
81065,47,81,Arauquita,63432,ARAUCA,"-71,426733","7,02702",74.0950939588851
81220,3,81,Cravo Norte,4576,ARAUCA,"-70,204286","6,303913",65.55944055944056
81300,5,81,Fortul,24198,ARAUCA,"-71,76877","6,796695",20.662864699561947
81591,9,81,Puerto Rondón,5235,ARAUCA,"-71,10339","6,281461",171.91977077363896
81736,19,81,Saravena,65107,ARAUCA,"-71,872812","6,953926",29.18272996759181
81794,65,81,Tame,54160,ARAUCA,"-71,754427","6,453324",120.01477104874446
85001,32,85,Yopal,194079,CASANARE,"-72,396132","5,327102",16.488131121862747
85010,4,85,Aguazul,41166,CASANARE,"-72,546838","5,172641",9.716756546664723
85125,5,85,Hato Corozal,13866,CASANARE,"-71,764213","6,154099",36.05942593393913
85139,4,85,Maní,18304,CASANARE,"-72,281384","4,81681",21.853146853146853
85162,2,85,Monterrey,19474,CASANARE,"-72,894065","4,877017",10.270103728047653
85230,1,85,Orocué,14075,CASANARE,"-71,338533","4,790258",7.104795737122558
85250,7,85,Paz de Ariporo,40991,CASANARE,"-71,890348","5,879827",17.076919323753994
85263,2,85,Pore,12875,CASANARE,"-71,99286","5,72773",15.533980582524272
85279,1,85,Recetor,1592,CASANARE,"-72,760991","5,229181",62.814070351758794
85315,1,85,Sácama,2367,CASANARE,"-72,250157","6,096738",42.24757076468103
85400,2,85,Támara,7076,CASANARE,"-72,16165","5,829543",28.264556246466928
85410,4,85,Tauramena,26791,CASANARE,"-72,74662","5,018977",14.930387070284798
85430,3,85,Trinidad,15197,CASANARE,"-71,662812","5,412178",19.740738303612556
85440,6,85,Villanueva,40227,CASANARE,"-72,927797","4,61035",14.915355358341412
86001,8,86,Mocoa,64807,PUTUMAYO,"-76,654238","1,151172",12.344345518231057
86320,39,86,Orito,40980,PUTUMAYO,"-76,873276","0,663593",95.1683748169839
86568,43,86,Puerto Asís,73141,PUTUMAYO,"-76,496887","0,505627",58.790555228941365
86569,11,86,Puerto Caicedo,17043,PUTUMAYO,"-76,606118","0,687784",64.54262747168926
86571,27,86,Puerto Guzmán,38586,PUTUMAYO,"-76,407663","0,962854",69.9735655419064
86573,11,86,Puerto Leguízamo,32718,PUTUMAYO,"-74,781842","-0,192318",33.620636958249285
86749,1,86,Sibundoy,16997,PUTUMAYO,"-76,917814","1,20026",5.883391186680003
86757,9,86,San Miguel,21293,PUTUMAYO,"-76,91217","0,34346",42.267411825482554
86865,23,86,Valle del Guamuez,35984,PUTUMAYO,"-76,906751","0,423506",63.917296576256106
86885,11,86,Villagarzón,27111,PUTUMAYO,"-76,61721","1,028821",40.57393677842942
88001,25,88,San Andrés,56309,"ARCHIPIÉLAGO DE SAN ANDRÉS, PROVIDENCIA Y SANTA CATALINA","-81,707181","12,578108",44.39787600561189
91001,23,91,Leticia,54927,AMAZONAS,"-69,941721","-4,19895",41.87375971744315
91798,1,91,Tarapacá (CD),4375,AMAZONAS,"-69,741745","-2,890126",22.857142857142858
94001,2,94,Inírida,37917,GUAINÍA,"-67,918613","3,866764",5.274678903921724
95001,16,95,San José del Guaviare,63208,GUAVIARE,"-72,639254","2,565932",25.313251487153526
95015,8,95,Calamar,11618,GUAVIARE,"-72,655197","1,960982",68.85866758478222
95025,3,95,El Retorno,17478,GUAVIARE,"-72,627304","2,330164",17.16443529007896
95200,4,95,Miraflores,8193,GUAVIARE,"-71,950416","1,337539",48.82216526302942
97001,1,97,Mitú,34886,VAUPÉS,"-70,232641","1,253151",2.8664793900131857
99001,5,99,Puerto Carreño,22614,VICHADA,"-67,487095","6,186636",22.11019722295923
99524,1,99,La Primavera,11205,VICHADA,"-70,410515","5,486309",8.92458723784025
99773,5,99,Cumaribo,87018,VICHADA,"-69,795533","4,446352",5.745937622101174
